question,ground_truth,prediction,latency
"In this scenario, what are dangerous actions to take for the ego vehicle?","Changing to the right lane, accelerating, and going ahead, and backing up are dangerous actions to take for the ego vehicle in this scenario.","In the image, the ego vehicle is approaching an intersection with a red traffic light. The dangerous actions for the ego vehicle include:

1. **Stopping at the red light**: The traffic light is currently red, indicating that the vehicle should stop. Stopping at the light ensures that the vehicle is not causing a traffic jam or delaying other vehicles.
2. **Avoiding sudden stops or starts**: Reducing speed and maintaining a safe distance from other vehicles can help prevent accidents.
3. **Checking for",9.569043397903442
"Is <c2,CAM_BACK,864.2,468.3> a traffic sign or a road barrier?",No.,The image shows a wet road with traffic lights and street signs. There are no visible road barriers or traffic signs in the image.,4.278050899505615
"Is <c1,CAM_FRONT_LEFT,231.5,472.1> an object that the ego vehicle should consider in the current scene?",No.,"The image shows a rainy day with a foggy atmosphere, and the road is wet, indicating recent rain. The traffic lights are still lit, suggesting that the road is still open for traffic. There are no visible pedestrians or vehicles in the image, and the scene appears to be calm and quiet. The fog and wet road conditions could make it difficult to see distant objects clearly, so the ego vehicle should be cautious and slow down to avoid accidents.",9.167620182037354
"Will <c1,CAM_FRONT_LEFT,231.5,472.1> be in the moving direction of <c2,CAM_BACK,966.7,580.0>?",No.,"The image shows a rainy day with a foggy or misty atmosphere. The street is wet, and the traffic lights are visible. The scene appears to be an intersection with a railroad crossing in the background. The traffic lights are currently green, indicating that vehicles can proceed. The fog or mist makes it difficult to see far ahead, but the street is clear enough for vehicles to navigate.",7.681783199310303
What is the status of the trailers that are to the back left of the ego car?,"One of the trailers is parked, and one is moving.",The status of the trailers that are to the back left of the ego car is not visible in the image.,3.170421600341797
